Top queries,Clicks,Impressions,CTR,Position
j&c asphalt,2,17,11.76%,1.47
j and c concrete,1,1,100%,4
paving contractor orem,0,365,0%,1.12
driveway pavers utah,0,22,0%,34.32
driveways utah county ut,0,20,0%,35.5
asphalt repair orem ut,0,19,0%,7.37
j&c paving,0,18,0%,11.44
asphalt maintenance orem ut,0,17,0%,8.47
paving contractor orem ut,0,16,0%,6.25
parking lot paving utah,0,16,0%,21.75
curb and gutter contractors,0,16,0%,30.5
utah asphalt contractor,0,15,0%,34.07
driveway paving vineyard ut,0,13,0%,8
utah county asphalt,0,13,0%,15.69
jc asphalt,0,12,0%,4
utah county asphalt company,0,12,0%,24.08
"parking lot paving west valley city, utah",0,12,0%,26.08
asphalt parking lot utah,0,11,0%,17.55
asphalt repair spanish fork ut,0,10,0%,15.2
asphalt driveway orem ut,0,10,0%,19.5
"parking lot paving salt lake city, utah",0,10,0%,24.4
parking lot paving in plant city,0,10,0%,89.4
asphalt repair provo ut,0,9,0%,1
utah county asphalt driveway,0,9,0%,20.11
parking lot paving pleasant grove,0,9,0%,38.89
driveway paving pleasant grove,0,9,0%,44.56
asphalt,0,8,0%,2.62
concrete curb and gutter installation utah,0,8,0%,11.75
asphalt sealing orem ut,0,8,0%,16.25
parking lot maintenance salt lake city,0,8,0%,18.25
"asphalt paving taylorsville, utah",0,8,0%,26.25
jc paving,0,8,0%,34.12
asphalt patching orem ut,0,7,0%,5.71
parking lot paving springville ut,0,7,0%,9.57
asphalt patching spanish fork ut,0,7,0%,10.14
utah county asphalt contractor,0,7,0%,18.43
parking lot sealcoating salt lake city,0,7,0%,29.57
"parking lot paving west jordan, utah",0,7,0%,31.43
"parking lot repaving west valley city, utah",0,7,0%,31.43
asphalt driveway pleasant grove,0,7,0%,42.29
asphalt patching springville ut,0,6,0%,1
asphalt paving provo ut,0,6,0%,16.83
"parking lot maintenance daybreak, utah",0,6,0%,22.67
parking lot paving salt lake city ut,0,6,0%,23.33
parking lot pavers salt lake city ut,0,6,0%,25
"parking lot maintenance bluffdale, utah",0,6,0%,36.17
asphalt driveways park city ut,0,6,0%,36.5
"parking lot maintenance millcreek, utah",0,6,0%,37.83
parking lot contractors salt lake city ut,0,6,0%,39.33
parking lot maintenance northern utah,0,5,0%,22.8
utah asphalt driveway,0,5,0%,27
"parking lot repaving west jordan, utah",0,5,0%,27.6
driveway paving utah,0,5,0%,28
commercial curb and gutter installation,0,5,0%,30.8
parking lot paving royce valley,0,5,0%,32.2
utah county asphalt paving contractor,0,5,0%,35.8
asphalt park city ut,0,5,0%,38.2
utah paving contractor,0,5,0%,40.2
salt lake city asphalt paving,0,5,0%,40.6
asphalt driveway park city ut,0,5,0%,42.6
"parking lot maintenance cottonwood heights, utah",0,5,0%,42.8
parking lot paving highland city,0,5,0%,46.6
salt lake city asphalt contractor,0,5,0%,47
asphalt patching provo ut,0,4,0%,1
asphalt materials,0,4,0%,2.5
asphalt near me,0,4,0%,5.25
asphalt paving taylorsville ut,0,4,0%,17
"parking lot repaving salt lake city, utah",0,4,0%,22.75
parking lot paving orem ut,0,4,0%,24.25
decorative asphalt 84653,0,4,0%,25
driveway pavers orem ut,0,4,0%,26.5
"paving contractor daybreak, utah",0,4,0%,27
"parking lot paving murray, utah",0,4,0%,30
parking lot contractor salt lake city ut,0,4,0%,35.25
utah county asphalt paving company,0,4,0%,36.75
asphalt paving park city ut,0,4,0%,40.5
salt lake city asphalt,0,4,0%,40.5
salt lake city asphalt company,0,4,0%,48.25
jm asphalt paving,0,4,0%,52.75
paving contractor provo ut,0,3,0%,1
parking lot paving mount olympus ut,0,3,0%,11.67
parking lot paving white city ut,0,3,0%,12.67
"parking lot maintenance taylorsville, utah",0,3,0%,25
utah county asphalt paving,0,3,0%,27.67
parking lot paving hagedorns mills,0,3,0%,31
salt lake city asphalt paving contractor,0,3,0%,39.67
commercial parking lot paving pleasant grove,0,3,0%,43.33
jc paving company,0,3,0%,52
curb and gutter construction,0,3,0%,70.67
parking lot paving in brandon,0,3,0%,95.67
j&s asphalt,0,2,0%,3
asphalt driveways,0,2,0%,8
asphalt materials near me,0,2,0%,8
asphalt paving springville ut,0,2,0%,11.5
concrete curb gutter contractor near me,0,2,0%,12.5
curb and gutter installation,0,2,0%,13.5
utah county paving,0,2,0%,16.5
driveway paving,0,2,0%,18
asphalt contractor,0,2,0%,21
"parking lot maintenance draper, utah",0,2,0%,22
driveway resurfacing utah county ut,0,2,0%,23.5
"asphalt paving daybreak, utah",0,2,0%,25
parking lot paving zion,0,2,0%,26
"parking lot repair salt lake city, utah",0,2,0%,28
local driveway builders orem ut,0,2,0%,28.5
asphalt driveways salt lake city ut,0,2,0%,30
commercial parking lot paving middle valley,0,2,0%,30
curb and gutter contractor,0,2,0%,31
asphalt company pleasant grove,0,2,0%,37
j c paving,0,2,0%,40.5
a j asphalt,0,2,0%,58
concrete curb & gutter repair,0,2,0%,58
jcs pave,0,2,0%,63.5
extruded curb contractors near me,0,2,0%,68.5
curb and gutter installation specialists,0,2,0%,72
asphalt construction,0,1,0%,1
parking lot companies,0,1,0%,1
asfault,0,1,0%,2
ashpalt,0,1,0%,2
asphault,0,1,0%,2
asphalt parking lots,0,1,0%,3
concrete curb and gutter,0,1,0%,3
j&m asphalt,0,1,0%,7
jj asphalt,0,1,0%,7
parking lot paving,0,1,0%,7
asphault materials,0,1,0%,8
commercial paving brighton ut,0,1,0%,9
curb and gutter repair,0,1,0%,11
asphalt paving orem ut,0,1,0%,12
driveway paving pleasant view ut,0,1,0%,12
parking lot paving heber city ut,0,1,0%,12
parking lot paving sandy ut,0,1,0%,12
"parking lot paving sandy, utah",0,1,0%,12
"asphalt paving draper, utah",0,1,0%,16
"parking lot maintenance west jordan, utah",0,1,0%,17
concrete paving pleasant view ut,0,1,0%,19
"parking lot repair west valley city, utah",0,1,0%,19
jc pavement,0,1,0%,20
utah parking lot repair,0,1,0%,20
pavement maintenance & asphalt repair orem ut,0,1,0%,21
salt lake asphalt driveway,0,1,0%,24
asphalt paving,0,1,0%,25
parking lot repairs salt lake city ut,0,1,0%,28
"parking lot maintenance holladay, utah",0,1,0%,29
professional concrete pavers orem ut,0,1,0%,30
"parking lot repaving murray, utah",0,1,0%,33
curb and gutter services,0,1,0%,34
"parking lot maintenance magna, utah",0,1,0%,35
jt asphalt,0,1,0%,36
decorative asphalt utah,0,1,0%,37
"paving contractor taylorsville, utah",0,1,0%,38
church parking lot paving,0,1,0%,39
"parking lot maintenance murray, utah",0,1,0%,39
commercial parking lot paving cranberry lake,0,1,0%,41
paving park city ut,0,1,0%,41
asphalt paving companies pleasant grove,0,1,0%,42
curb contractor,0,1,0%,43
parking lot paving pleasant view,0,1,0%,43
asphalt contractors utah,0,1,0%,46
parking lot paving horicon,0,1,0%,48
salt lake city paving contractor,0,1,0%,50
asphalt paving contractor,0,1,0%,54
jd's asphalt engineering corp,0,1,0%,54
parking lot paving layton,0,1,0%,60
aj asphalt,0,1,0%,65
driveway paving san remo,0,1,0%,65
jw cheatham,0,1,0%,67
parking lot paving dixon springs,0,1,0%,67
asphalt paving services utah,0,1,0%,71
concrete curb installation,0,1,0%,75
parking lot paving beckwith,0,1,0%,75
parking lot paving rexford,0,1,0%,92